ref	pin	pin_name	net	role
U1	1	VPB	TP_VPB	output
U1	2	RDY	RDY	bidirectional
U1	3	PHI1O	NC	output
U1	4	IRQB	IRQB	input
U1	5	MLB	TP_MLB	output
U1	6	NMIB	NMIB	input
U1	7	SYNC	SYNC	output
U1	8	VDD	+5V	power
U1	9	A0	A0	output
U1	10	A1	A1	output
U1	11	A2	A2	output
U1	12	A3	A3	output
U1	13	A4	A4	output
U1	14	A5	A5	output
U1	15	A6	A6	output
U1	16	A7	A7	output
U1	17	A8	A8	output
U1	18	A9	A9	output
U1	19	A10	A10	output
U1	20	A11	A11	output
U1	21	VSS	GND	power
U1	22	A12	A12	output
U1	23	A13	A13	output
U1	24	A14	A14	output
U1	25	A15	A15	output
U1	26	D7	D7	bidirectional
U1	27	D6	D6	bidirectional
U1	28	D5	D5	bidirectional
U1	29	D4	D4	bidirectional
U1	30	D3	D3	bidirectional
U1	31	D2	D2	bidirectional
U1	32	D1	D1	bidirectional
U1	33	D0	D0	bidirectional
U1	34	RWB	RWB	output
U1	35	NC	NC	nc
U1	36	BE	BE	input
U1	37	PHI2	PHI2	input
U1	38	SOB	SOB	input
U1	39	PHI2O	NC	output
U1	40	RESB	RESB	input
U2	1	VSS	GND	power
U2	2	PA0	PA0	bidirectional
U2	3	PA1	PA1	bidirectional
U2	4	PA2	PA2	bidirectional
U2	5	PA3	PA3	bidirectional
U2	6	PA4	PA4	bidirectional
U2	7	PA5	PA5	bidirectional
U2	8	PA6	PA6	bidirectional
U2	9	PA7	PA7	bidirectional
U2	10	PB0	PB0	bidirectional
U2	11	PB1	PB1	bidirectional
U2	12	PB2	PB2	bidirectional
U2	13	PB3	PB3	bidirectional
U2	14	PB4	PB4	bidirectional
U2	15	PB5	PB5	bidirectional
U2	16	PB6	PB6	bidirectional
U2	17	PB7	PB7	bidirectional
U2	18	CB1	CB1	bidirectional
U2	19	CB2	CB2	bidirectional
U2	20	VDD	+5V	power
U2	21	IRQB	IRQB	output
U2	22	RWB	RWB	input
U2	23	CS2B	/VIA_CS	input
U2	24	CS1	+5V	input
U2	25	PHI2	PHI2	input
U2	26	D7	D7	bidirectional
U2	27	D6	D6	bidirectional
U2	28	D5	D5	bidirectional
U2	29	D4	D4	bidirectional
U2	30	D3	D3	bidirectional
U2	31	D2	D2	bidirectional
U2	32	D1	D1	bidirectional
U2	33	D0	D0	bidirectional
U2	34	RESB	RESB	input
U2	35	RS3	A3	input
U2	36	RS2	A2	input
U2	37	RS1	A1	input
U2	38	RS0	A0	input
U2	39	CA2	CA2	bidirectional
U2	40	CA1	CA1	bidirectional
U3	1	A14	A14	input
U3	2	A12	A12	input
U3	3	A7	A7	input
U3	4	A6	A6	input
U3	5	A5	A5	input
U3	6	A4	A4	input
U3	7	A3	A3	input
U3	8	A2	A2	input
U3	9	A1	A1	input
U3	10	A0	A0	input
U3	11	DQ0	D0	bidirectional
U3	12	DQ1	D1	bidirectional
U3	13	DQ2	D2	bidirectional
U3	14	VSS	GND	power
U3	15	DQ3	D3	bidirectional
U3	16	DQ4	D4	bidirectional
U3	17	DQ5	D5	bidirectional
U3	18	DQ6	D6	bidirectional
U3	19	DQ7	D7	bidirectional
U3	20	CEB	A15	input
U3	21	A10	A10	input
U3	22	OEB	/RD	input
U3	23	A11	A11	input
U3	24	A9	A9	input
U3	25	A8	A8	input
U3	26	A13	A13	input
U3	27	WEB	RWB	input
U3	28	VCC	+5V	power
U4	1	A14	GND	input
U4	2	A12	A12	input
U4	3	A7	A7	input
U4	4	A6	A6	input
U4	5	A5	A5	input
U4	6	A4	A4	input
U4	7	A3	A3	input
U4	8	A2	A2	input
U4	9	A1	A1	input
U4	10	A0	A0	input
U4	11	IO0	D0	bidirectional
U4	12	IO1	D1	bidirectional
U4	13	IO2	D2	bidirectional
U4	14	GND	GND	power
U4	15	IO3	D3	bidirectional
U4	16	IO4	D4	bidirectional
U4	17	IO5	D5	bidirectional
U4	18	IO6	D6	bidirectional
U4	19	IO7	D7	bidirectional
U4	20	CEB	/ROM_CS	input
U4	21	A10	A10	input
U4	22	OEB	/RD	input
U4	23	A11	A11	input
U4	24	A9	A9	input
U4	25	A8	A8	input
U4	26	A13	A13	input
U4	27	WEB	+5V	input
U4	28	VCC	+5V	power
U5	1	A	A13	input
U5	2	B	A14	input
U5	3	C	A15	input
U5	4	G2AB	GND	input
U5	5	G2BB	GND	input
U5	6	G1	+5V	input
U5	7	Y7	NC	output
U5	8	GND	GND	power
U5	9	Y6	NC	output
U5	10	Y5	NC	output
U5	11	Y4	REGION_100_B	output
U5	12	Y3	NC	output
U5	13	Y2	NC	output
U5	14	Y1	NC	output
U5	15	Y0	NC	output
U5	16	VCC	+5V	power
U6	1	1A	A15	input
U6	2	1B	A14	input
U6	3	1Y	/ROM_CS	output
U6	4	2A	RWB	input
U6	5	2B	RWB	input
U6	6	2Y	/RD	output
U6	7	GND	GND	power
U6	8	3Y	NC	output
U6	9	3A	GND	input
U6	10	3B	GND	input
U6	11	4Y	NC	output
U6	12	4A	GND	input
U6	13	4B	GND	input
U6	14	VCC	+5V	power
U7	1	1A	REGION_100_B	input
U7	2	1B	A12	input
U7	3	1Y	VIA_PRE_B	output
U7	4	2A	VIA_PRE_B	input
U7	5	2B	A11_A4_EQ_B	input
U7	6	2Y	/VIA_CS	output
U7	7	GND	GND	power
U7	8	3Y	NC	output
U7	9	3A	GND	input
U7	10	3B	GND	input
U7	11	4Y	NC	output
U7	12	4A	GND	input
U7	13	4B	GND	input
U7	14	VCC	+5V	power
U8	1	RSTB	RESB	output
U8	2	VCC	+5V	power
U8	3	GND	GND	power
U9	1	OEB	GND	input
U9	2	P0	A4	input
U9	3	Q0	GND	input
U9	4	P1	A5	input
U9	5	Q1	GND	input
U9	6	P2	A6	input
U9	7	Q2	GND	input
U9	8	P3	A7	input
U9	9	Q3	GND	input
U9	10	GND	GND	power
U9	11	P4	A8	input
U9	12	Q4	GND	input
U9	13	P5	A9	input
U9	14	Q5	GND	input
U9	15	P6	A10	input
U9	16	Q6	GND	input
U9	17	P7	A11	input
U9	18	Q7	GND	input
U9	19	PEQB	A11_A4_EQ_B	output
U9	20	VCC	+5V	power
Y1	1	NC	NC	nc
Y1	7	GND	GND	power
Y1	8	OUT	PHI2	output
Y1	14	VCC	+5V	power
